1	208.029852115519	158.817488349051	151.772384499651
1	200.917787454525	210.31385183552	157.84904089957
1	216.463015451588	153.208411069652	148.146544919633
1	201.082832670293	134.696557603312	140.015065559795
1	218.614263483068	151.115860314953	150.611261439123
1	214.570569178148	174.716524954235	161.75241473167
1	207.192731128762	168.822222672502	154.24781839304
1	198.274292615597	212.044576719577	158.265332413158
1	191.713464757898	154.912957160027	147.300405649038
1	201.328404408335	155.582481340383	154.549992225159
1	192.362180230311	205.641341100549	154.002927196847
1	224.366975250584	162.112863784161	152.733023405799
1	198.021019323672	155.103516908213	151.1111352657
1	212.741780600978	221.613371876628	170.934486737302
1	227.251854879276	161.287485328638	147.955268066734
1	213.549825440194	164.320666363084	163.506785063752
1	224.227722643328	181.811922065067	169.779896329869
1	207.406850070345	143.187663979619	144.67903722575
1	236.982849663426	176.755445026178	171.023410620793
1	206.477969273451	219.667085427136	157.845032453936
1	219.439805690317	159.719242722862	158.841968617344
1	243.178512058864	190.691477040469	183.478859517645
1	218.346856901544	215.488467261905	166.632028233591
1	196.489780353874	208.708206223307	157.604114006799
1	205.812812358019	153.888289413903	141.045899591095
1	185.675526446398	210.507861245037	139.851761911514
1	213.006619828259	226.955425448868	173.238914910226
1	182.055172172452	143.620968645017	134.875286954087
1	235.769375	221.452579022989	174.198872126437
1	194.454814530079	209.317960791851	143.30040841822
1	216.583561399996	223.117287452996	155.34904768262
1	201.068015444015	211.836741312741	163.491474903475
1	203.735825069921	213.74551002011	160.087395696091
1	212.877215295249	149.059424485719	148.690806755957
1	198.935827833369	159.008285430417	151.537577176921
1	204.348516949153	213.033444309927	167.729494552058
1	208.300383258717	162.889796160629	158.565281169448
1	204.498190406085	211.921316402895	161.906201693044
1	210.752819741259	223.369508924916	178.714070048309
1	226.519140625	183.210191761364	169.044815340909
1	232.861253884772	197.833373177146	182.760070523548
1	229.785243055556	188.015381944444	169.152881944444
1	218.860142118863	176.723320413437	168.161789405685
1	232.171100859454	203.544963346815	185.806306875632
1	214.127968805388	164.585342077278	152.818462372542
1	211.187444587445	223.217581867582	173.855226655227
1	241.948360166965	213.690061617969	146.444186046512
1	200.545930631868	212.903813959478	153.101004464286
1	206.163249111224	224.905662772981	176.744341988319
1	225.077763157895	231.112927631579	185.47375
1	219.190358181338	223.629328575205	179.719699973566
1	212.798819574734	221.222834584115	171.554057223265
1	224.703233614697	228.963195134062	181.937375868918
1	201.252228461478	142.167738357025	146.035233252179
1	213.089849768875	149.155463533641	153.303741103529
1	204.61425	220.181446428571	157.28375
1	215.854929471789	231.135991896759	169.209221188475
1	204.302355676434	205.996567380242	168.182926829268
1	209.126682294539	217.898310810811	167.692643408715
1	213.538763339611	167.485846280603	156.400026483051
1	194.255264101645	156.397548542446	145.86420923203
1	192.186912910078	152.771914090158	151.233714892613
1	211.769499480667	170.937631058067	168.055049287632
1	200.050141625616	210.197974137931	143.489956896552
1	220.37044653349	230.944868781825	172.754563258911
1	212.461508951407	224.053559249787	162.175873827792
1	212.241842105263	160.430092105263	152.254078947368
1	208.238081671415	159.24415954416	152.229599952517
1	217.314109999517	147.401460780049	146.87565245759
1	206.702801786229	162.432224142898	165.605517142034
1	216.561619383092	160.110338918507	162.538461538462
1	212.087592981118	154.59104997139	157.691111958802
1	213.970562608912	165.54499626587	164.287258318812
1	210.336975524476	146.603268259518	150.796255827506
1	209.496276754469	167.799826384179	170.773295716572
1	214.511239774424	174.596443617235	161.61187392729
1	200.80449387877	168.48097193192	154.965303075545
1	223.198728617661	155.588025889968	156.539343504392
1	215.949560185185	152.921365740741	153.016435185185
1	219.109010667422	154.664613423959	155.849098461248
1	216.685415031397	145.137755102041	144.601476648352
1	217.910977777778	135.744079012346	142.250745679012
1	217.146450390007	154.935642011673	149.960317460317
1	204.839743589744	143.091022064871	148.039275113543
1	200.077726295998	171.160777598711	165.836452457695
1	212.207419929473	219.739030065074	185.644554113498
1	199.059989526054	166.998468185389	161.307626341974
1	203.318312247294	159.377207512717	153.140009130038
1	198.993243096325	166.421977603827	159.683583387693
1	227.967468461683	154.695208058746	139.867501412163
1	156.947724248894	168.298787091185	140.079643553328
1	201.590379403794	214.55268539049	163.920577728505
1	223.439578573242	177.058352373699	167.648184818482
1	194.830224314272	209.216091352859	144.967248760267
1	221.241664952694	162.921786301933	155.392899012752
1	219.134197357104	169.747751974353	155.638263351318
1	166.129855727821	126.584006244617	130.148551894918
1	230.388962815111	172.814583795372	162.212214459969
1	243.910555373942	232.55264065962	184.676464712506
1	216.337899543379	222.62279228052	171.560265357112
1	235.852180194379	171.333628841608	165.21634489099
1	194.859808805216	205.677355749274	150.4982479916
1	209.27229747162	168.739763931889	161.703644220846
1	219.027759557721	177.994457458771	162.978649737631
1	202.291964111273	221.00594763973	160.853127489142
1	208.152584326229	170.742616210774	156.547884502433
1	202.19217078877	164.584024064171	157.546148061497
1	208.431008507621	166.810542951672	162.180498936547
1	232.626437494829	174.918290311905	176.57431538016
1	217.858927183523	173.528113766638	164.570873409113
1	204.362516163793	150.535016163793	144.467429956897
1	231.356745627441	170.506463321447	161.905278909832
1	186.183260316563	195.715640898813	153.261358818542
1	197.375996767241	140.250880028736	143.380845905172
1	223.435722269787	226.322143740487	189.556685216895
1	206.057926682692	217.349651442308	167.157097355769
1	210.374686318972	153.115192743764	148.024021164021
1	225.763213273082	149.260992601453	151.073293239412
1	209.387030516432	147.969053906774	149.42094232059
1	193.953434471134	203.390370838601	143.312621154657
1	220.869955797737	177.420912243265	171.98113782723
1	213.498175837321	221.831384569378	168.259113337321
1	203.316902928281	215.052545491719	158.262080010904
1	216.417799899974	222.987722975065	154.754513086761
1	202.2446184917	167.630966454854	148.755049012364
1	214.458230064349	161.668279178699	162.983980990927
1	224.205969409622	161.609416854173	152.187379459981
1	221.626092271926	145.923656204906	152.243822150072
1	193.973870157819	204.609522955524	145.279758488761
1	213.944980226185	159.541380466708	157.950444043572
1	203.550519396202	148.184270681166	147.138444787102
1	205.052058828811	219.557221613662	137.795639018083
1	196.945449868353	134.986313288745	130.555299155646
1	207.313757496972	161.729377788283	158.235840694892
1	226.205846479102	182.04396378815	165.852265951103
1	211.614714887103	167.407461319775	160.669256738287
1	215.955148097864	168.713903743316	164.044256185753
1	217.328646449704	220.899437869822	165.845865384615
1	202.643795420266	215.160393528041	156.92296037296
1	202.170277777778	203.238703703704	136.024985754986
1	169.633680687129	136.523973727422	145.364020462296
1	192.529363729619	163.143747975381	156.284965176547
1	207.696507742372	148.340817262542	144.856848013628
1	203.763118752975	151.218705378391	150.596150642551
1	227.955070259308	188.42112125163	174.662262784297
1	197.909322435442	140.527044835347	133.663468372424
1	200.931009476994	209.693542137195	152.522175722953
1	224.681367243867	152.594366281866	138.022922679173
1	209.449763257576	143.71335753367	143.051241582492
1	208.589788195855	221.119901716782	156.83945804551
1	220.764672994054	162.243358970163	149.007731958763
1	192.914739854533	145.821266220349	141.805257665923
1	228.587038230241	201.210615335052	166.129268685567
1	212.960678734492	163.846615200942	150.424213090686
1	222.875713890139	183.083979439964	171.596699664255
1	198.064741319335	160.309515527165	156.248790399089
1	221.972061080417	173.171040515654	156.960727440147
1	198.614741354257	138.623452484743	134.481328102296
1	223.956875334403	177.017817014446	172.154012841091
1	230.309065934066	202.363626373626	181.166263736264
1	230.1780996781	186.681152181152	177.316822066822
1	218.609844043152	180.784210834897	162.744635318949
1	220.539242097701	168.991409243295	158.339738984674
1	229.571735395189	188.841895761741	173.040463917526
1	213.000829839273	100.443549091544	61.0527439290706
1	222.516246890547	159.548423746651	163.24702808075
1	197.815291394336	138.657554920116	134.149072939361
1	209.930672165758	220.875073648549	162.804131683606
1	229.382774140753	233.923924479776	191.134995323825
1	225.210805883832	232.717909228061	183.008454865476
1	223.574948333764	230.848488762594	183.002454146215
1	223.946308523409	232.280882352941	183.812274909964
1	120.727032269441	128.840113075295	59.8846047875154
1	192.230482980419	210.412909836066	167.445155965392
1	197.972219198215	155.608299540048	147.210448248646
1	200.31325331258	157.083507942209	150.71169081258
1	211.932404371585	155.372855191257	140.807909836066
1	201.184033847132	211.336908734573	156.354269293924
1	218.56437444543	154.104436557232	147.706823425022
1	217.7638362746	214.858091564261	165.168541531923
1	206.309849918294	217.042390556463	172.24228089791
1	227.029987745098	174.736139705882	145.275569852941
1	238.101320901321	222.043913493913	176.621866096866
1	241.995816242822	206.789273995078	169.304778506973
1	239.182764433207	206.955035819638	171.109713442899
1	204.309447869204	220.225804073975	166.052707049049
1	210.110059825725	141.798561953068	141.394004421901
1	242.248087199417	185.660394401263	177.868282426524
1	213.752905342081	221.626593252109	174.385988753515
1	224.542048637637	188.206343901197	165.497365991851
1	210.431682090365	225.315655620577	167.967125408274
1	200.878699103575	152.00210605897	143.04492250783
1	223.002132161458	227.113232421875	171.042789713542
1	244.882662259615	202.132898351648	165.40223643544
1	205.787081256921	154.485638150609	145.597487541528
1	221.24710836039	204.874117288961	159.960846185065
1	182.964697623107	209.198366930766	134.555761708956
1	170.27774931694	119.62142945852	112.941714791356
1	201.188485282769	215.844063499063	147.232947028993
1	199.230309452571	210.215958832004	151.234901374113
1	179.270470849094	129.58233337681	128.217979653059
1	216.805384645151	152.637673167711	151.698693019116
1	203.299555787823	176.073625990767	145.992470168104
1	191.228836241079	216.458600033987	155.786960462218
1	195.008109177215	149.063717137293	150.12133844531
1	221.765324675325	171.032077922078	154.522424242424
1	233.227289377289	198.809615384615	183.981074481074
1	225.668403964457	176.248846548189	154.131322624744
1	212.770905923345	163.119892302819	153.141906873614
1	225.610093896714	184.933286384977	160.214835680751
1	228.36900994575	187.113132911392	166.288087703436
1	211.410655084141	220.242509127534	179.283320743632
1	207.574549373041	221.104831994514	173.243509992163
1	222.494473549706	227.530571173013	177.347271914132
1	225.559085933224	231.465654077723	186.67640941434
1	216.27380952381	223.937160940325	178.737130801688
1	207.835859004739	220.786131516588	167.647648104265
1	241.551405774206	213.125666826934	145.716195022552
1	197.82257231405	161.388946280992	158.961458333333
1	215.249564957665	216.274180562049	158.970936574723
1	186.042706698064	204.611054421769	142.755173992674
1	234.318429105746	219.126285702142	141.700824549473
1	213.481956102931	133.190260767855	131.76060444475
1	218.673372395833	156.840397135417	140.598187934028
1	199.206532921811	142.721336305441	137.065815043439
1	217.518981117231	153.461414896407	132.563008130081
1	192.093105883391	201.57011078254	130.783874740698
1	204.192438098793	210.161005350255	149.640809692671
1	209.080476602543	153.194593290288	144.448162817014
1	197.910254682657	205.018899070206	156.972941652068
1	206.896127221138	138.50850220353	128.66263860101
1	193.266641391971	208.889795674036	147.426357517227
2	237.732423126201	219.714452541106	173.8057001388
2	231.561806020067	218.170381270903	165.665428093645
2	144.18060930019	129.750672263396	72.4365667563018
2	246.165241801001	231.06021122846	193.045047248471
2	248.743302972356	237.730906971283	192.097280931294
2	251.167005861283	243.352450341908	215.388280922919
2	249.167397111199	240.186446379106	212.742347645429
2	246.646707251082	231.10042478355	191.367010281385
2	252.326197858989	245.056105574013	204.622336655592
2	243.167887667888	224.52954386883	165.151851125065
2	250.126562091503	238.302163398693	205.602437908497
2	244.589728320906	228.464521195802	176.281823909141
2	250.085108974128	236.874720347851	192.389889221665
2	248.422703230999	240.091827641716	218.010463378176
2	244.903232282674	235.469283276451	205.102037743425
2	228.324025413274	217.215778435727	174.505199851962
2	243.851011187608	224.634638554217	166.359330177854
2	251.19321079473	245.804876753081	217.047906927327
2	235.212818181818	219.383234848485	173.377143939394
2	251.41996490544	244.337374314124	219.415598975016
2	245.795011673851	236.932228807471	215.933553340517
2	246.016308074747	233.59887707869	197.657151837248
2	245.33160721346	238.349717743707	218.089619118745
2	248.912457053441	231.406572099194	172.853559320112
2	232.095899346528	216.307472615298	169.253267359315
2	249.007190779859	241.808115783181	220.837227647137
2	234.839669625247	229.691389299803	187.528593441815
2	250.871293957322	237.062325500233	208.762057102971
2	249.548830541544	237.829560055201	204.027005805653
2	244.409063260341	229.022412076974	178.252587923026
2	192.274347240749	119.734919223359	131.47634133689
2	250.984981060606	239.709693813131	200.632809343434
2	151.432369373869	135.676259441913	96.6146919283351
2	216.517966561625	181.838486957283	117.188736432073
2	243.004213412906	226.734109056962	179.494803040659
2	233.988537228647	187.807446997363	153.609168949077
2	237.857451932686	223.682465923172	166.57229583883
2	246.371248185776	233.215321722303	176.354097726173
2	243.071312412096	227.494004190108	180.830996542428
2	237.431210328219	227.551601224841	171.799440209244
2	249.866347352025	238.77839953271	211.269248442368
2	236.271874693918	225.819472558686	170.001877305821
2	250.387092474609	242.706901607443	214.932709993869
2	183.22449044355	161.931917092808	113.319356798317
2	233.91477476338	223.754484706676	191.281471995615
2	248.728975129656	234.591981966054	205.459486238802
2	251.353618261292	241.734672980411	217.366330743079
2	248.704724601012	236.40954304065	202.168019796474
2	239.64549673905	217.441900429853	170.88749258875
2	245.812861212861	237.158536833537	207.081064306064
2	239.543881835818	222.244695872112	165.182353952312
2	252.139771704903	242.678756185335	213.684559154296
2	219.809105091996	180.860925963905	87.5206148189382
2	244.647291602426	231.382314288651	194.781738689926
2	246.663493866133	237.647581742121	203.41051355097
2	244.837546724375	236.647618286445	208.109974424552
2	245.050821525475	236.684021706361	207.488596623455
2	245.554836579729	229.992951469132	183.283657972928
2	238.014372976155	217.810086105387	159.089144833677
2	241.905915775401	225.89059714795	167.001174071027
2	252.874763481552	245.272859508042	228.342620624409
2	230.63007127193	222.364035087719	192.382851660401
2	247.851647063297	231.900206595858	194.238653071054
2	245.846652421652	228.1199002849	159.660267094017
2	237.421054712207	226.209321631879	190.364375790639
2	239.138889712862	223.674044108923	178.334517382534
2	251.040278999623	242.574525574965	215.018757069247
2	246.935247718719	233.571596123112	187.137276382946
2	249.665526995112	240.039504036909	205.36242928544
2	250.017140468227	234.883517976589	197.040987318841
2	235.852694260055	199.451626468026	85.093465593368
2	230.284314447499	208.805966057869	145.635576230689
2	237.136025684353	220.571809521798	165.985362453532
2	249.739919722678	238.297056498206	205.112165257759
2	242.34536268298	225.657422984488	174.122804238584
2	149.666927899687	198.743678848375	201.591744349117
2	250.168799836897	243.091190195723	209.585215431316
2	241.805654562047	232.061556209859	180.503663240181
2	168.803572597539	189.251820666405	133.510064807541
2	165.588028448824	143.212019230769	102.404891131596
2	243.205448235975	233.134823597455	210.517432041643
2	245.892568916745	233.954566254368	199.983353208719
2	235.705337771203	221.718700690335	161.155535009862
2	248.158177705044	236.507758952638	187.674138428956
2	243.503413865546	231.16474714886	186.273678221289
2	230.848058567986	216.392091577879	164.415168378995
2	250.49319023569	244.120286195286	226.593501683502
2	249.945482348708	239.485445122542	209.482705055286
2	240.319462254683	230.021489601918	175.125271799732
2	251.438860660543	246.219176275161	217.290912644127
2	242.578790655062	208.065382119408	95.1268323408154
2	247.790310650888	237.712143955215	203.432492893607
2	243.529396288132	228.474717343383	188.910954277181
2	244.365559380131	224.025182187401	166.320718236023
2	245.680548672566	229.882840707965	172.787712389381
2	247.948845947397	235.905532071927	194.517223564144
2	249.287210563723	242.223759024427	219.170921707253
2	250.000951050811	241.152101622772	213.396628092578
2	242.938824854266	228.401576576577	182.408591679915
2	250.299228471877	240.932180189149	210.235764061722
2	248.210947503201	237.05853480957	204.343018001054
2	233.013277900481	221.146927374302	193.104209432246
2	248.590632966318	239.147868416771	200.376805698686
2	249.951165912945	238.13494205766	206.943135245902
2	252.176935579196	240.331680819958	203.855305928829
2	241.262293144208	227.692454688731	190.939066193853
2	238.529985860813	204.873843702071	108.342545772623
2	244.590702199058	231.029915750393	203.000017849493
2	249.660178067529	237.134747494405	195.687048749635
2	160.501477714468	182.698861316719	164.14674192804
2	247.268907720224	233.978468675758	199.931435546327
2	250.878895952372	239.319881182124	206.94257766678
2	209.917957844779	194.010847059371	159.437127768472
2	246.83140132114	232.463119373386	193.764523975974
2	250.790056818182	242.775110479798	220.016327335859
2	243.484293274071	231.308118262407	183.720716793949
2	165.517359437751	184.257128514056	171.323644578313
2	249.192683881064	239.062690184316	202.128233133368
2	241.195005331201	206.785260895642	87.3227708916433
2	234.188074141049	199.788227848101	82.6431103074141
2	247.561873924533	233.189305248279	171.213249754179
2	242.434377081945	226.916470501147	171.903930712858
2	249.323923057769	236.731947211155	194.226246057437
2	244.588248199752	234.496787204116	208.308359280141
2	249.164301470588	238.676593137255	209.038406862745
2	246.749483844667	237.809874018647	206.560067987849
2	250.657038575565	242.723080701875	208.214384824876
2	197.749713755846	176.796109498468	137.388622802774
2	248.622218161144	239.956939029673	221.025828460039
2	244.497252821701	236.666883460022	210.691465794073
2	234.89155439756	223.125325686324	183.273286572191
2	246.833066074586	230.152625303236	177.486421199786
2	244.780172413793	230.958969882148	184.24803579223
2	243.27734375	227.835347020349	184.41238190407
2	247.690486486486	233.358837837838	194.665675675676
2	238.130838861249	224.779634812051	181.624036933389
2	250.063722297603	237.650800542741	188.324549977386
2	251.147705463987	242.456329494995	208.270090125687
2	238.958370176214	218.03379807996	167.433063064486
2	252.395433483567	242.879133539272	194.980693269864
2	248.039299828179	240.617186426117	210.235837628866
2	253.126863680034	247.942132512543	222.275237519126
2	232.697565960018	214.83294899728	166.271060290399
2	242.29065220078	212.328691361076	198.855015978389
2	249.328487703976	234.888899779631	178.289926588884
2	233.204991063919	220.869063419891	181.996671966989
2	243.548448916038	234.127909530083	201.788138299996
2	245.985619227196	238.339434060228	211.774307263486
2	234.19471986908	223.632276023617	186.281831600565
2	239.355439530319	225.015464464447	169.254425365612
2	212.524664438126	188.996637977407	106.241918338072
2	249.389329196317	235.796646824728	174.749397153553
2	216.31159917639	191.755996131528	148.945445186248
2	162.837631953608	157.829831932773	127.072140426418
2	248.25696942446	240.992598568204	208.064607137819
2	248.586244367877	234.713185793798	193.578276570368
2	232.612387713706	196.933816285135	163.114633439583
2	233.478725460535	208.722111570526	154.480023867151
2	240.94827059243	220.355403019035	164.673106311446
2	243.930370054624	234.466672981592	198.57729468599
2	233.941986176317	216.360419926969	163.19506390193
2	161.880536119692	155.79247459898	97.2184627265622
2	244.307961686984	235.345304573332	212.935952525176
2	242.355496987952	225.660336801752	174.319934282585
2	235.60138072178	212.420030554595	159.529375648565
2	162.386515450362	153.655621301775	93.1192439184747
2	227.861166414374	220.371030505463	158.870812491773
2	235.827992359932	223.004955432937	181.772796406338
2	243.983671152086	232.522277395519	202.610637053859
2	251.254383784517	245.498802368148	227.181136168482
2	251.544869474491	246.435392002385	224.288348522272
2	235.201626061074	213.068041009811	149.248583397641
2	237.632724983084	226.884947560334	192.69690718743
2	250.115079365079	237.705555555556	204.24416392994
2	239.644404761905	224.108677721088	177.831743197279
2	92.0644675925926	179.54458912037	191.108391203704
2	248.901948144965	234.76085599689	181.023799291956
2	239.137272062484	224.404927495644	179.393394479711
2	242.831691919192	226.520914141414	176.185535353535
2	247.850674046132	238.462551274916	210.458304990415
2	240.237943403746	206.297774677826	87.8521522518932
2	251.380064377682	239.990321888412	214.091247700797
2	237.625717815171	220.288716112447	153.447899973291
2	226.622485357779	209.308799656226	158.862657563025
2	253.533539634064	248.916914407719	223.123976379017
2	240.787282425604	226.154005240502	177.733178925697
2	232.736868630824	213.648837596405	148.907789121308
2	246.054057841973	233.599566350086	197.719100382535
2	240.899091136876	222.160736657479	171.865561148949
2	193.861092377395	160.17881043785	78.2324998270734
2	244.114914919772	231.126217164855	198.784436464803
2	184.346453741191	167.052756535213	65.2477882741041
2	249.063719482697	236.498935724191	208.054955332667
2	240.366703398783	225.406396852574	163.682848530108
2	246.897875563614	234.4087064914	204.627639144023
2	241.585412335412	230.899763946639	199.753075190575
2	240.064006362275	228.596566242515	193.086293038922
2	236.422171364594	223.458953503688	188.553856032666
2	249.162120930521	236.506435275532	182.671003314438
2	242.084510698668	224.682030918637	161.224653737586
2	250.790010138872	240.42244531154	209.743962762689
2	245.911728341504	236.146680187411	213.899169233439
2	252.141093073593	242.548685064935	213.033625541126
2	247.97249682136	240.267244119517	218.69743324857
2	136.352876394837	164.805217878467	132.222905250879
2	241.348521017125	221.993266735859	165.210962636222
2	229.946573163678	220.349860227492	174.324156545209
2	245.589387029589	241.696199008905	215.553899741454
2	245.901253854894	241.394822269112	215.756492452524
2	242.829101438208	229.314027300496	173.294967863052
2	247.485947094946	240.222602739726	225.000629822075
2	240.749213075061	225.027300242131	195.999848668281
2	230.172081367925	215.33266509434	183.580454009434
2	244.512494991987	230.421925080128	200.731495392628
2	230.979551518883	190.849025041051	81.4159328817734
2	206.309649449935	226.326850643297	188.959183292933
2	213.92500815572	223.260235428447	172.134229556329
2	244.083290924512	234.290776081425	192.476887192536
3	232.559588128298	184.068408161795	146.12687521386
3	245.159152468327	188.953494975972	130.495347313237
3	244.533351293103	193.920132902299	141.294719827586
3	246.083180428135	194.509698558322	137.524486675404
3	232.464166666667	183.317126593807	144.997600182149
3	231.189254981884	185.70891563147	138.858258928571
3	224.36338580891	185.949341030759	132.779659286816
3	231.049684559923	186.721978589642	141.425558339928
3	228.358683408428	179.450983965015	130.879605088789
3	232.896616826892	181.482476508756	141.845462338057
3	235.744568858881	182.482360065973	143.096104783012
3	231.25486631016	184.886918449198	137.431717914439
3	213.555825671853	179.01336338991	138.866925978312
3	244.127695653496	182.768337287465	127.129463606777
3	234.020807453416	184.950760334119	147.082667594774
3	234.979802680566	194.710722263589	139.614501116902
3	237.684063871564	183.624552437052	143.207698082698
3	231.352402703506	188.174270276292	126.046939988116
3	219.414402608835	173.861125560179	121.803056978233
3	245.945105820106	195.88728505291	147.973693783069
3	243.638624437781	185.47085832084	132.92799850075
3	234.721177109564	188.971818989779	138.646978225448
3	229.131980519481	182.927678571429	154.217654220779
3	228.570914886331	181.191183056295	134.188845130529
3	239.440787760417	180.969449869792	123.88955078125
3	237.456108508977	195.277259953162	164.578528493365
3	229.557033619818	181.339863498483	132.537419426188
3	244.269072481572	187.051159398034	123.493450552826
3	225.739739798936	181.806475458309	155.013542282673
3	239.896721576227	161.832875753661	119.42852336348
3	244.524638122294	196.397778003247	161.899824134199
3	240.776776582025	173.655728865567	126.387512785165
3	229.523675318934	182.512410003789	132.424987368953
3	242.567925347222	218.002640335648	181.222366898148
3	207.731575963719	179.574659863946	103.969926303855
3	235.955890689609	189.378822362278	137.271062591703
3	234.203098198971	177.956323256146	138.963523799314
3	232.78783748702	174.957251644168	142.017047421253
3	202.143205828239	150.087727758324	104.319870615467
3	231.894596679401	193.767668233911	128.055107625624
3	231.005714708244	202.027136941733	143.036506528077
3	213.7305043093	178.163104426984	123.254620816171
3	214.916979949875	170.377136021873	111.970465937571
3	230.971831512794	174.68213190184	144.991209037857
3	236.465305616864	161.871469753615	126.694563307959
3	218.710549450549	172.158761904762	123.132073260073
3	240.929804906316	189.743200695383	145.336922928337
3	229.830077947974	170.408652829391	132.729651953231
3	231.950147920578	182.190141946862	133.386691414917
3	212.600590516482	156.688595099595	112.047303014278
3	236.969585687382	183.78537065571	143.627948981339
3	242.904950458805	184.709238334635	124.920685279188
3	224.483748443337	170.720506434205	130.343617683686
3	233.469985792091	164.579386691925	113.080373352277
3	220.63634180791	183.273064971751	147.910889830508
3	226.903918495298	159.623197492163	127.601332288401
3	228.385506829301	185.978051048192	130.905563057579
3	223.463049193477	181.099857410213	136.417704527226
3	233.09303886844	180.372913628261	129.587969071926
3	249.059660272406	216.58780411728	156.739570336868
3	228.564582753179	185.737391317801	145.583109007086
3	229.57579787234	175.735427748227	131.591383295339
3	245.586683158112	194.040429808287	153.080576169862
3	244.105477980666	186.960257787325	139.464688506982
3	244.268538024015	191.472377290921	149.939461765325
3	245.48838740257	198.397540551928	158.961659995787
3	247.701938931298	207.636091603053	174.985694656489
3	244.214511152627	183.627880151721	147.127009737319
3	233.657539857199	195.465613996479	152.746668378325
3	219.344134199134	179.198095238095	139.594148629149
3	230.143636139003	173.912117842622	136.774434485702
3	226.032533482143	188.006436011905	147.417317708333
3	213.416946308725	181.734751949937	145.660926446581
3	221.196605840734	168.142083604072	129.117297487546
3	239.319398504082	190.103138595864	137.899170838548
3	233.063364772879	167.737164657205	108.455854873871
3	222.716858294759	169.332596685083	126.68212632522
3	235.546553859344	180.918782300126	142.552525661483
3	243.384108877881	185.046812488093	137.891884168413
3	244.202830188679	193.426532132217	145.328450844091
3	222.548041576879	183.17280390417	123.572685595978
3	183.267663734115	124.086353861193	72.4029227761486
3	224.976799906498	187.135109864423	140.234198223469
3	230.714940330477	174.237155752754	128.640055079559
3	223.204124093606	153.580813282795	117.97586725445
3	229.531172052154	173.582695578231	129.334119897959
3	221.711163822142	162.471676397934	111.187738603189
3	228.359341017834	178.310529034363	137.315585580687
3	232.263323337542	171.82273253367	118.758378051347
3	242.574731157326	174.362250698754	131.07315599981
3	244.466735879233	186.948521984343	150.743988327394
3	244.958742025518	200.066073564593	145.707047448166
3	222.69897589113	183.708267131804	130.614240812379
3	216.165198530977	174.765182563338	132.363809346391
3	233.297433444598	180.057447284865	134.138697793699
3	232.567457701604	174.784955687395	129.286072658024
3	237.970670391061	170.091490766987	127.021011641027
3	235.270830700202	187.654433139535	148.132686109707
3	221.14484039961	188.626559454191	125.522727826511
3	235.701714711018	185.30451149343	133.816555978588
3	235.855393629808	172.263296274038	120.173707932692
3	234.613746995192	172.50859375	118.715069110577
3	246.126385373524	198.407640167204	130.736731093726
3	234.517975355574	179.737574009744	133.250125625396
3	219.974546582185	190.065381005062	142.450224613631
3	222.55910389459	201.657386893657	160.023350046642
3	214.470128777347	168.196486061316	121.046361674106
3	229.217738791423	167.403596491228	126.513752436647
3	234.141725	165.9664625	116.6264875
3	220.935123839009	160.600688854489	97.2411068111455
3	220.629156119954	157.601988502295	120.969239349607
3	214.642042863657	174.454671112631	130.618117305062
3	244.089339319657	197.907878350921	155.322334010618
3	232.564103243587	171.754981980072	143.364543141827
3	227.805915238608	181.271507338815	148.789335664336
3	216.653716216216	168.837079087284	121.455887239699
3	226.895105578728	193.161843934654	136.992885384081
3	245.210643069572	190.19490761055	158.656927989859
3	236.940018385169	180.692019687452	147.750325570706
3	222.811735686492	183.279964563646	137.240579256995
3	223.933681275294	176.575996117527	137.889620965354
3	231.86825854261	188.706711223755	151.065275705023
3	239.091041601008	172.682437756067	127.90335447526
3	233.570567352858	194.46371517631	155.08493516895
3	234.737378278028	171.430294467926	126.637840646382
3	240.103642554285	195.998638057304	158.278414493126
3	223.287520022286	182.495978132182	147.936259488822
3	200.228828547649	181.252267998335	120.371452351228
3	234.643705502695	183.5865576552	154.793740435159
3	215.503175095958	167.445430684127	128.503005757507
3	238.851082149427	199.882666040468	165.188221596024
3	221.057856089056	158.937326761445	114.283211507511
3	240.551923344948	162.669888501742	113.634027874564
3	182.673735929557	119.182688816267	60.8235521060276
3	213.814539386948	170.52789222149	64.3350980553724
3	239.984999502883	186.738711307748	145.176178166634
3	234.82864142838	188.015559135454	146.44235467848
3	246.125819044703	213.483726270667	164.376021892223
3	244.039431843247	203.522484559959	165.297349459599
3	236.714161392405	171.139467958861	113.189823971519
3	239.077601735855	176.839467507301	82.9427931985043
3	217.931596579148	174.015170497876	139.122371718052
3	212.095378477616	181.746404698018	136.732135291625
3	217.285853585359	170.856353135314	127.762728772877
3	230.080788852997	161.284981797672	118.462980054351
3	229.765774354281	199.862365263372	165.414671039252
3	234.702099116162	188.455492424242	162.101917613636
3	214.283716965047	172.527067348679	145.805626598465
3	233.242579659537	197.559180852612	173.072530190601
3	238.25241187384	203.527922077922	181.64633580705
3	214.567945913238	191.27024762614	125.788249394899
3	235.767808054015	195.58162527128	139.654702194357
3	235.8578892372	183.353599516031	135.668447175934
3	240.361861238056	174.516373375274	129.924402041664
3	226.135170603675	173.674939529618	144.670693736812
3	222.648177006763	181.791223169656	144.035129373714
3	227.742744700372	184.321581196581	139.586592785745
3	231.704176682692	175.143486721612	113.979896405678
3	243.995322982557	184.467270461951	142.980108299789
3	227.824378461176	197.493378107694	147.02516201249
3	229.725192577031	183.412832633053	129.705295868347
3	232.474520415818	170.67303209731	143.000730093238
3	243.913919569047	178.197680918824	139.135104688982
3	242.624285012457	179.533793030845	125.678913569849
3	200.213620804809	151.629967440307	92.5636166304892
3	201.759623015873	151.976314484127	110.32527281746
3	180.214649808023	138.640242287833	105.989573679333
3	194.435855497084	145.659685677713	105.8204025032
3	191.191301169591	146.463523391813	90.4097222222222
3	158.720610068835	132.06797288583	108.648329359188
3	230.490727859342	195.877922981293	158.704135093535
3	230.897935386024	179.880508498827	132.73397527614
3	243.360057265569	194.456146629997	163.622989112007
3	239.044313063063	196.352683933934	135.039846096096
3	223.99373898817	180.845220865844	125.733010319658
3	242.219344567834	177.531160208123	112.522083948125
3	221.506247381651	164.396192919983	109.824973816506
3	242.30325048783	177.541080414912	128.981411112252
3	192.325955463091	149.415632865876	119.876765808805
3	219.945294289044	193.13102782634	161.568464087995
3	242.592898243489	196.97530284676	140.611114476075
3	238.534186309332	198.602074588311	155.597675169519
3	246.657522015656	204.312842465753	160.492490215264
3	235.288309800664	189.90780730897	141.166176846409
3	239.954614257812	183.512768554688	131.849161783854
3	235.221362428192	190.322301294693	144.827017062505
3	224.231432748538	179.144576023392	115.29817251462
3	222.37684913854	192.119298121734	144.520817151532
3	225.790455090926	196.279747069141	139.905404781686
3	215.530860571103	176.496501815851	146.339021220537
3	241.113214399603	203.485800588173	158.844417673529
3	231.119794429708	192.178039345712	142.952641467728
3	225.955714820105	176.5433244916	135.907178807046
3	240.324367266592	183.212373453318	135.813174915636
3	216.094956922163	180.398670528818	122.615255496138
3	239.195354278075	186.128251726827	141.804722315062
3	222.528632115548	175.011561880487	119.711314075333
3	216.472567063835	160.022365705918	120.809908140851
3	243.708536005076	182.332657026541	129.530552765148
3	186.860529322163	136.464374115983	94.8109903710151
3	246.238575780655	200.279560167555	148.603008377761
3	194.81240838877	190.723038110272	143.56449430601
3	175.526227753245	174.526361568313	122.199785895892
3	202.736503623188	197.975328351449	153.101970108696
3	202.89622322979	196.69952247733	150.082227956782
3	184.148768939394	178.869954004329	131.146820887446
